{
  "projects": [
    {
      "id": 0,
      "admin": "@asrejadid",
      "type": "دانشجو",
      "area": "مدیریت",
      "name": "سلام سلام",
      "shortDescription": " نکته بعدی در مورد متن ساختگی لورم ایپسوم این است که بعضی از طراحان وبسایت و گرافیست کاران بعد از آنکه قالب و محتوای مورد نظرشون را ایجاد کردند از یاد می‌برند که متن لورم را از قسمتهای مختلف سایت حذف کنند و یا با متن دیگری جایگزین کنند.یکی از گوشی‌های هوشمند میان‌رده و مقرون به‌صرفه، شرکت شیائومی، مدل Redmi Note 9 M2010J19SC است که از نظر طراحی و مشخصات فنی در نظر گرفته شده، این گوشی با مدل جهانی تفاوت‌های بسیاری دارد. این گوشی به صفحه‌نمایش با ابعاد 6.53 اینچ و رزولوشن 1080×2340 پیکسل از نوع IPS که توانایی نمایش 395 پیکسل در هر اینچ را دارد مجهز شده است. بریدگی قطره‌ای شکل ناچ در قسمت بالایی و مرکزی صفحه‌نمایش، سنسور دوربین سلفی با رزولوشن 8 مگاپیکسل را در خود جای داده است. در قسمت پشتی هم یک سنسور دوربین اصلی با رزولوشن 48 مگاپیکسل از نوع عریض (wide) در کنار سنسور 8 مگاپیکسل فوق عریض (ultrawide) و سنسور 2 مگاپیکسل سنجش عمق، سنسور‌های دوربین سه‌گانه این گوشی هوشمند میان‌رده را تشکیل می‌دهند. در مورد سنسور‌های دوربین این گوشی باید بگوییم که از سنسور‌های دوربین مناسب و البته متنوعی بهره برده است. در بخش مشخصات سخت‌افزاری هم، Redmi Note 9 M2010J19SC به پردازنده میان‌رده اسنپدراگون 662 شرکت کوالکام مجهز شده است. پردازنده‌ای که در اجرای بازی‌ و نرم‌افزار‌های کاربردی و محبوب، توانایی ارائه عملکرد مناسب و قابل قبولی را دارد. باتری قدرتمند با میزان ظرفیت 6000 میلی‌آمپر‌ساعتی این گوشی هم سبب شده تا به ازای هر بار شارژ صد درصدی، توانایی ارائه طول عمر مفید (زمان آماده به‌کار) بیش‌تر از 2 روز را داشته باشد. پشتیبانی از فناوری شارژ سریع با توان 18 وات و شارژ معکوس، از دیگر قابلیت‌های در نظر گرفته شده برای این گوشی هوشمند است.",
      "dateCreated": "16/09/2022",
      "need": 1
    },
    {
      "id": 1,
      "admin": "@asrejadid",
      "type": "دانشجو",
      "area": "علوم ورزشی",
      "name": "دختران نینجا",
      "shortDescription": "ورم ایپسوم یا طرح‌نما (به انگلیسی: Lorem ipsum) به متنی آزمایشی و بی‌معنی در صنعت چاپ، صفحه‌آرایی و طراحی گرافیک گفته می‌شود.",
      "dateCreated": "25/01/2020",
      "need": 2
    },
    {
      "id": 2,
      "admin": "@amirabodllahian",
      "type": "استاد",
      "area": "سیاست",
      "name": "گایش امریکا با ماهواره خیام",
      "shortDescription": "2 \nطراح گرافیک از این متن به عنوان عنصری از ترکیب بندی برای پر کردن صفحه و ارایه اولیه شکل ظاهری و کلی طرح سفارش گرفته شده استفاده می نماید،",
      "dateCreated": "07/03/2021",
      "need": 1
    },
    {
      "id": 3,
      "admin": "@fadavi",
      "type": "شرکت",
      "area": "هوش مصنوعی",
      "name": "کشف سلول های بنیادی با مستعان",
      "shortDescription": "3 \n از آنجا که لورم ایپسوم، شباهت زیادی به متن های واقعی دارد، طراحان معمولا از لورم ایپسوم استفاده میکنند تا فقط به مشتری یا کار فرما نشان دهند که قالب طراحی شده بعد از اینکه متن در آن قرار میگرد چگونه خواهد بود ",
      "dateCreated": "10/12/2020",
      "need": 1
    },
    {
      "id": 4,
      "admin": "@khodadi758",
      "type": "استاد",
      "area": "هوش مصنوعی",
      "name": "ترند بورس با ماشین لرنینگ",
      "shortDescription": "5 \n به همین دلیل اغلب اوقات ما با وبسایتهایی مواجه می‌شویم که در گوشه و کنار صفحات آنها متن لورم ایپسوم هنوز وجود دارد و حذف نشده است که این نشان دهنده بی توجهی طراحان است.",
      "dateCreated": "21/08/2021",
      "need": 2
    },
    {
      "id": 5,
      "admin": "@baazia",
      "type": "دانشجو",
      "area": "بک‌اند",
      "name": "همکاری با شرکت مگفا",
      "shortDescription": "6 \n به گزارش گروه فرهنگ وهنر خبرگزاری برنا ؛ رضا صادقی در نقش خودش در سریال یاغی  بازی کرد و در مقابل آبان عسگری و طناز طباطبایی جلوی دوربین رفت.",
      "dateCreated": "07/02/2022",
      "need": 2
    },
    {
      "name": "sadasd",
      "area": "asdasd",
      "shortDescription": "asdsad",
      "fullDescription": "asdasdad",
      "id": 6
    },
    {
      "name": "sadasd",
      "area": "asdasd",
      "shortDescription": "asdsad",
      "fullDescription": "asdasdad",
      "id": 7
    },
    {
      "name": "sadasd",
      "area": "asdasd",
      "shortDescription": "asdsad",
      "fullDescription": "asdasdad",
      "id": 8
    }
  ],
  "users": [
    {
      "id": 5,
      "username": "baazia",
      "password": "wefihi8468",
      "firstname": "محمد",
      "lastname": "موحدی نیا",
      "nationalIdNum": "2130603602",
      "studentID": "96243065"
    }
  ]
}